HOSPITAL,1,Factory Acceptance Testing (FAT)
HOSPITAL,1.1,ITP status
HOSPITAL,1.2,Target programme
HOSPITAL,1.3, Progress status
HOSPITAL,,
HOSPITAL,2,Mechanical Commissioning
HOSPITAL,2.1,HVAC
HOSPITAL,2.1.1,ITP status
HOSPITAL,2.1.2,Target programme
HOSPITAL,2.1.3, Progress status
HOSPITAL,,
HOSPITAL,2.2,Tunnel Ventilation
HOSPITAL,2.2.1,ITP status
HOSPITAL,2.2.2,Target programme
HOSPITAL,2.2.3, Progress status
HOSPITAL,,
HOSPITAL,2.3,Water side 
HOSPITAL,2.3.1,ITP status
HOSPITAL,2.3.2,Target programme
HOSPITAL,2.3.3,Progress status
HOSPITAL,,
HOSPITAL,2.4,Steam System
HOSPITAL,2.4.1,ITP status
HOSPITAL,2.4.2,Target programme
HOSPITAL,2.4.3,Progress status
HOSPITAL,,
HOSPITAL,,
HOSPITAL,3,Control Systems
HOSPITAL,3.1,BMS System
HOSPITAL,3.1.1,ITP status
HOSPITAL,3.1.2,Target programme
HOSPITAL,3.1.3,Progress status
HOSPITAL,,
HOSPITAL,3.2,Plant Monitoring and Control systems (PMCS) 
HOSPITAL,3.2.1,ITP status
HOSPITAL,3.2.2,Target programme
HOSPITAL,3.2.3,Progress status
HOSPITAL,,
HOSPITAL,3.3,Traffic Management and Control Systems (TMCS)
HOSPITAL,3.3.1,ITP status
HOSPITAL,3.3.2,Target programme
HOSPITAL,3.3.3,Progress status
HOSPITAL,,
HOSPITAL,3.4,Operational mgmt & Control Systems (OMCS)
HOSPITAL,3.4.1,ITP status
HOSPITAL,3.4.2,Target programme
HOSPITAL,3.4.3,Progress status
HOSPITAL,,
HOSPITAL,4,Electrical Commissioning
HOSPITAL,4.1,Electrical Infrastructure
HOSPITAL,4.1.1,ITP status
HOSPITAL,4.1.2,Target programme
HOSPITAL,4.1.3,Progress status
HOSPITAL,,
HOSPITAL,4.2,General Light & Power
HOSPITAL,4.2.1,ITP status
HOSPITAL,4.2.2,Target programme
HOSPITAL,4.2.3,Progress status
HOSPITAL,,
HOSPITAL,4.3,Tunnel Lighting
HOSPITAL,4.3.1,ITP status
HOSPITAL,4.3.2,Target programme
HOSPITAL,4.3.3,Progress status
HOSPITAL,,
HOSPITAL,5,Communications & Security Commissioning
HOSPITAL,5.1,Communications
HOSPITAL,5.1.1,ITP status
HOSPITAL,5.1.2,Target programme
HOSPITAL,5.1.3,Progress status
HOSPITAL,,
HOSPITAL,5.2,Security Services
HOSPITAL,5.2.1,ITP status
HOSPITAL,5.2.2,Target programme
HOSPITAL,5.2.3,Progress status
HOSPITAL,,
HOSPITAL,5.3,Nursecall
HOSPITAL,5.3.1,ITP status
HOSPITAL,5.3.2,Target programme
HOSPITAL,5.3.3,Progress status
HOSPITAL,,
HOSPITAL,5.4,Public Address
HOSPITAL,5.4.1,ITP status
HOSPITAL,5.4.2,Target programme
HOSPITAL,5.4.3,Progress status
HOSPITAL,,
HOSPITAL,5.5,Radio Rebroadcast
HOSPITAL,5.5.1,ITP status
HOSPITAL,5.5.2,Target programme
HOSPITAL,5.5.3,Progress status
HOSPITAL,,
HOSPITAL,5.6,Mobile Phone 
HOSPITAL,5.6.1,ITP status
HOSPITAL,5.6.2,Target programme
HOSPITAL,5.6.3,Progress status
HOSPITAL,,
HOSPITAL,,
HOSPITAL,6,Fire Protection Commissioning
HOSPITAL,6.1,Dry Fire Services
HOSPITAL,6.1.1,ITP status
HOSPITAL,6.1.2,Target programme
HOSPITAL,6.1.3,Progress status
HOSPITAL,,
HOSPITAL,6.2,Wet Fire Services
HOSPITAL,6.2.1,ITP status
HOSPITAL,6.2.2,Target programme
HOSPITAL,6.2.3,Progress status
HOSPITAL,,
HOSPITAL,7,Hydraulic Services Commissioning
HOSPITAL,7.1,Hot & cold water 
HOSPITAL,7.1.1,ITP status
HOSPITAL,7.1.2,Target programme
HOSPITAL,7.1.3,Progress status
HOSPITAL,,
HOSPITAL,7.2,Stormwater System
HOSPITAL,7.2.1,ITP status
HOSPITAL,7.2.2,Target programme
HOSPITAL,7.2.3,Progress status
HOSPITAL,,
HOSPITAL,7.3,Sewer System
HOSPITAL,7.3.1,ITP status
HOSPITAL,7.3.2,Target programme
HOSPITAL,7.3.3,Progress status
HOSPITAL,,
HOSPITAL,8,Medical Gases Commissioning
HOSPITAL,8.1,ITP status
HOSPITAL,8.2,Target programme
HOSPITAL,8.3,Progress status
HOSPITAL,,
HOSPITAL,9,Systems Integration
HOSPITAL,9.1,ITP status
HOSPITAL,9.2,Target programme
HOSPITAL,9.3,Progress status
HOSPITAL,,
HOSPITAL,10,Vertical Transport
HOSPITAL,10.1,ITP status
HOSPITAL,10.2,Target programme
HOSPITAL,10.2,Progress status
